build.gradle.kts	1541	2026-08-27T21:09:37.064+08:00	C29797DEF29D7B41FE85F218AE5C23DB50A02A4CCBBECB9C8EDBF5D61BECCCEE
gradle.properties	116	2026-07-30T21:16:12.595+08:00	71A52E09F135502D868F1E299AA1326C3648A8A2B3B48511B16AAE99DB6FE7FD
settings.gradle.kts	220	2026-08-24T14:50:25.641+08:00	D274EDEE58ED9599CC165BDEFCF720448BE6554633F56168CEBE4F54B2E5571D
src/main/java/com/shadowHunterRolesPlugin/api/RoleAPI.java	3663	2026-09-13T13:44:01.361+08:00	944A13FEED0675384BC48974560D4D26FA7FF8923D884C8A1985CD7898E4CAE5
src/main/java/com/shadowHunterRolesPlugin/api/RoleAPIImpl.java	11909	2026-09-15T22:18:10.904+08:00	D318EB62B2F38889C2361200AEAC45142D85660612BE4D2FB02F30E065731A88
src/main/java/com/shadowHunterRolesPlugin/command/RoleCommand.java	8148	2026-09-15T22:18:16.196+08:00	D3B790C218B6EE1487497B947C9874D69E8417DCBD7748097C9E3E9AC85F9E4C
src/main/java/com/shadowHunterRolesPlugin/core/Buff.java	642	2026-08-03T14:04:31.130+08:00	7AD9C30E4941FEC5F9AA348D980644C1359B5629B7BAA11594D1667E22854D32
src/main/java/com/shadowHunterRolesPlugin/core/BuffType.java	109	2026-08-03T13:31:25.532+08:00	F23F3189D4F69139ACBC082A204E9374BDB1C2D2F4C3B49A83AAE49B578AEE05
src/main/java/com/shadowHunterRolesPlugin/core/DamageUtil.java	3733	2026-09-12T20:47:43.391+08:00	9E1F63D05D4C5327335B2653AB2264F5F3D3F8F37F8574C5BF29452371A3A977
src/main/java/com/shadowHunterRolesPlugin/core/Faction.java	110	2026-08-02T14:48:11.695+08:00	9B4FE812F37F96DDC0C06DE011BCCE8ABA98BE66090476E31F6F7A1A7D20398E
src/main/java/com/shadowHunterRolesPlugin/core/MainWeapon.java	5210	2026-08-05T14:00:33.970+08:00	18768AB7423239FDD23C5465B3183C063E18B401346CAC76A453757EFEEA892B
src/main/java/com/shadowHunterRolesPlugin/core/ParticleUtil.java	737	2026-08-02T17:07:25.619+08:00	AC3D1292372E8B43618BB8E7E0D2F1229050F87D6B81113C851B8C0F8EB6F859
src/main/java/com/shadowHunterRolesPlugin/core/PassiveSkill.java	722	2026-09-15T22:18:40.667+08:00	F62EEAC63C21C7C7F34F987DDE0B353B3604A36202FA5995142CF57E05FCD63F
src/main/java/com/shadowHunterRolesPlugin/core/Role.java	9749	2026-09-15T22:18:40.655+08:00	1D7639FB5DEE64C83369E95629BB32AF4E2EF459D68A64930183D92F3A446D7A
src/main/java/com/shadowHunterRolesPlugin/core/RoleComponentAware/EnergyChangeAware.java	294	2026-08-07T20:31:38.475+08:00	DDBD95B49DF6690DB32DD12FBC11A90FA757FB3A05EF06BEB952C3EC0E50B392
src/main/java/com/shadowHunterRolesPlugin/core/RoleComponentAware/LifecycleAware.java	898	2026-09-15T22:19:35.717+08:00	259FA7F3B6744DB0B93AA41AF57A969400ED253659724FFD52EA0037BBA47767
src/main/java/com/shadowHunterRolesPlugin/core/RoleComponentAware/SanTEChangeAware.java	290	2026-08-07T20:31:38.480+08:00	6D7ADF44E21D19F9FBB2403C084AF25B3429CBF8789F8D51C6C8F3D46141596E
src/main/java/com/shadowHunterRolesPlugin/core/RoleComponentAware/UpdateAware.java	250	2026-08-07T20:31:38.486+08:00	EA41830624D4304E73C998D2E99BEF2A36BD1B3176C36C48643E4792F32A69E6
src/main/java/com/shadowHunterRolesPlugin/core/RoleInstance.java	26141	2026-09-15T22:21:57.010+08:00	6A763BF6DCE86EE18EFA2C851FFA3688F6D2AA2A05EF63580E653E0C076D6C9D
src/main/java/com/shadowHunterRolesPlugin/core/Skill.java	5806	2026-09-15T22:18:40.661+08:00	3C4E6DC3E3D72C7775EAE551368D9E0BFAA82EF140B417FCC58D1808624CBB39
src/main/java/com/shadowHunterRolesPlugin/event/EnergyChangeEvent.java	1945	2026-08-05T16:04:39.758+08:00	1D01450806F5620C5FAD963A042F2005B7379DB1CA3890866F30A12B5E16AA7E
src/main/java/com/shadowHunterRolesPlugin/event/SanTEChangeEvent.java	1897	2026-08-05T16:07:52.952+08:00	48A358885D05CD98F8A6B52867C9296174E04B89C42DF5A21EDF0B90628F3539
src/main/java/com/shadowHunterRolesPlugin/listener/DamageTrackerListener.java	825	2026-08-05T15:40:33.160+08:00	EFC89913FA1F40E1F1CFAD2F86A63CB221BB6D7B97D9775BA855287D76D84FC1
src/main/java/com/shadowHunterRolesPlugin/listener/MainWeaponListener.java	5197	2026-08-03T19:26:39.387+08:00	5B5C4F01122CF3D643C7C5174FAA22C212CAFF4E63237B90017E24E7315223F5
src/main/java/com/shadowHunterRolesPlugin/listener/PlayerListener.java	1072	2026-08-07T13:01:33.035+08:00	C628C365CDC0BDF116560B3943FDADD4ED9C67270746A151A102A3B133A42140
src/main/java/com/shadowHunterRolesPlugin/listener/RoleEventListener.java	809	2026-08-07T20:31:38.484+08:00	466BED59059E9D707BBF8667489F1BF7B45760C8F24188ECF6AC351A18CA5A8D
src/main/java/com/shadowHunterRolesPlugin/listener/SkillListener.java	4861	2026-09-15T22:18:40.681+08:00	7E86C52E69D68127A0451C2D7A125B8C51666F39B7478CEDB06E75F2B12D813A
src/main/java/com/shadowHunterRolesPlugin/manager/BuffManager.java	5695	2026-09-15T22:18:40.674+08:00	42D8732270C5CEF7B8DA26F6CE472E760554EA1096CBD93479289AEEC18FAD06
src/main/java/com/shadowHunterRolesPlugin/manager/RoleManager.java	3484	2026-08-24T14:50:25.644+08:00	713D0E4E0358EF5865C2C0ABF2A877B17F1500BDAEBC97A695FCB65075896138
src/main/java/com/shadowHunterRolesPlugin/registry/RoleRegistry.java	4830	2026-09-15T22:18:28.976+08:00	B6B07CEECF2466E7F67D0BA03C7102BEDA9967EAF4E0B63936548B94E3B047F1
src/main/java/com/shadowHunterRolesPlugin/roleComponent/AutoRecoverEnergyPassive.java	1299	2026-09-12T18:55:19.445+08:00	8BF0143B9FDE20EB7BCB5C6F1C4434DF1CAECB44531FCD6BC5E30A8B8AFAA03A
src/main/java/com/shadowHunterRolesPlugin/roleComponent/AutoRecoverSanTEHealthPassive.java	1413	2026-09-13T15:01:58.388+08:00	73A7578AB3F569AD43E63D0E80F06424BF5F32AD18D842F89B79D09454760D4A
src/main/java/com/shadowHunterRolesPlugin/roleComponent/DefaultSanTEZeroPunishment.java	5454	2026-09-15T22:22:31.445+08:00	57A7F886D1E94124AA88989BEEF157724E4DB5A6AAC97DA96114D02F42678C34
src/main/java/com/shadowHunterRolesPlugin/roleComponent/meiqiHezi/mainWeapon/MeiqiheziJuejueMainWeapon.java	2139	2026-09-15T22:18:21.979+08:00	2A03596D0B0CC92EEDFF9B4A7762704CDBAA0B47DFE2CC45A2B1FB40C4BD5E1D
src/main/java/com/shadowHunterRolesPlugin/roleComponent/meiqiHezi/passive/MeiqiheziEquipmentsPassive.java	3111	2026-09-15T22:22:43.006+08:00	9C410D866F3ADC6408CD88C5C7F430AA2096D4053BFCBC4A990087F85F98C0BC
src/main/java/com/shadowHunterRolesPlugin/roleComponent/meiqiHezi/skill/MeiqiheziBloodySlashSkill.java	6337	2026-08-07T12:54:44.784+08:00	702AED08FFE52F6D848E0ED002040B0148D5A2A4A8CDE08E14E3DEA532851A13
src/main/java/com/shadowHunterRolesPlugin/roleComponent/meiqiHezi/skill/MeiqiheziCircleSlashSkill.java	6616	2026-08-07T12:58:37.795+08:00	E30CE61E0D25D00BE4B755B02B56A39F5B19AED5FF8893FDAF4535A399E4BAEC
src/main/java/com/shadowHunterRolesPlugin/roleComponent/meiqiHezi/skill/MeiqiheziUnconcernSkill.java	1517	2026-08-05T17:53:33.473+08:00	3AC53332EAEF5911478A7AA417E96BE27ADABEEA1822BBED830E236A59E23A3A
src/main/java/com/shadowHunterRolesPlugin/roleComponent/red/RedBleedPassive.java	8971	2026-09-15T22:22:31.467+08:00	BFE08602FF05DD0380895D35219DF5F3BE52B9E5C4F2C4E341D755685C540994
src/main/java/com/shadowHunterRolesPlugin/roleComponent/red/RedDeeplySorrowSkill.java	2235	2026-09-13T15:09:54.615+08:00	B50F7774256398339947513993BB6EFAFD60FCDA99BA4A48A2E04F1C9202362D
src/main/java/com/shadowHunterRolesPlugin/roleComponent/red/RedEquipmentsPassive.java	3133	2026-09-15T22:22:43.000+08:00	00C586762A15C72B89E66A6F71F30CCA6967029C4F8F50FB01530EF44C4F5571
src/main/java/com/shadowHunterRolesPlugin/roleComponent/red/RedEvilShockSkill.java	1879	2026-09-13T15:07:12.918+08:00	E08E6096417EE09C8A1F496AA0B8E019DC71864E6D7DB6035EE3A5B032C81853
src/main/java/com/shadowHunterRolesPlugin/roleComponent/red/RedSanctifiedBladeMainWeapon.java	2363	2026-09-13T15:16:08.776+08:00	C17C914CD7893D42A9F244C68280DA12674B30811FDD94F98E85E449B80CC546
src/main/java/com/shadowHunterRolesPlugin/roleComponent/red/RedSolitaryArroganceSkill.java	3794	2026-09-13T14:52:04.064+08:00	7367350C7D93667F8B1CBEC985A85C5320D90171A07428FD9B7F13C550D733F6
src/main/java/com/shadowHunterRolesPlugin/roleComponent/SampleMainWeapon.java	523	2026-08-01T22:46:18.606+08:00	1C6D342B0EB35FBE46A8DE39DBE8B66187C83E645DD2913DAF480B211098E9F2
src/main/java/com/shadowHunterRolesPlugin/roleComponent/SkillUtil.java	2387	2026-09-12T20:04:08.467+08:00	120EC30587393EC9DD827FEC0711FADB95CBD4AD41A5B5FF8E3C702773177978
src/main/java/com/shadowHunterRolesPlugin/roleComponent/TestSendSanTEAndEnergyChangeMsgPassive.java	1462	2026-09-15T22:22:31.427+08:00	5529FB86869F4C5B6B65F633D4317457266C70F974F9C67E85E9C3DF59C595F5
src/main/java/com/shadowHunterRolesPlugin/roleComponent/TestSetSanTEToZeroSkill.java	922	2026-08-05T17:53:41.015+08:00	2D5CEC52EE28D42C26E4EB5CC8472B3EE3BD06D547E73F0CE304C906DB9B4E5A
src/main/java/com/shadowHunterRolesPlugin/ShadowHunterRolesPlugin.java	2151	2026-09-15T22:18:32.991+08:00	EA3F9F6E4292396FAEBDF48F330DC584FEB92E229138C2E351557F13A065ABBE
src/main/java/com/shadowHunterRolesPlugin/ShadowHunterRolesPluginLoader.java	355	2026-07-31T13:11:27.474+08:00	81C05B9BF7B127E86358B32443AF3FC68D64A944536C8EF5E2FF26AAAFAB2907
src/main/resources/plugin.yml	374	2026-08-24T14:50:25.645+08:00	4EBA0D9A51D528904B6F2B4AD42111AAE931EC9968A88697B6428BB84E712818
