before/src/main/java/com/shadowHunterRolesPlugin/api/RoleAPI.java	3663	2026-09-13T13:44:01.361+08:00	944A13FEED0675384BC48974560D4D26FA7FF8923D884C8A1985CD7898E4CAE5
before/src/main/java/com/shadowHunterRolesPlugin/api/RoleAPIImpl.java	11829	2026-09-13T13:42:43.388+08:00	98D3F9D209F929715FA7CCC74B87A08A581EA0D8A0BFB4EB3CBDD01F443555A6
before/src/main/java/com/shadowHunterRolesPlugin/command/RoleCommand.java	7815	2026-08-02T17:40:17.656+08:00	A1535501FD59F4EA586817279588226E3EB2575A10138E9B046B36E3408C2EAB
before/src/main/java/com/shadowHunterRolesPlugin/core/Buff.java	642	2026-08-03T14:04:31.130+08:00	7AD9C30E4941FEC5F9AA348D980644C1359B5629B7BAA11594D1667E22854D32
before/src/main/java/com/shadowHunterRolesPlugin/core/BuffType.java	109	2026-08-03T13:31:25.532+08:00	F23F3189D4F69139ACBC082A204E9374BDB1C2D2F4C3B49A83AAE49B578AEE05
before/src/main/java/com/shadowHunterRolesPlugin/core/DamageUtil.java	3733	2026-09-12T20:47:43.391+08:00	9E1F63D05D4C5327335B2653AB2264F5F3D3F8F37F8574C5BF29452371A3A977
before/src/main/java/com/shadowHunterRolesPlugin/core/Faction.java	110	2026-08-02T14:48:11.695+08:00	9B4FE812F37F96DDC0C06DE011BCCE8ABA98BE66090476E31F6F7A1A7D20398E
before/src/main/java/com/shadowHunterRolesPlugin/core/MainWeapon.java	5210	2026-08-05T14:00:33.970+08:00	18768AB7423239FDD23C5465B3183C063E18B401346CAC76A453757EFEEA892B
before/src/main/java/com/shadowHunterRolesPlugin/core/ParticleUtil.java	737	2026-08-02T17:07:25.619+08:00	AC3D1292372E8B43618BB8E7E0D2F1229050F87D6B81113C851B8C0F8EB6F859
before/src/main/java/com/shadowHunterRolesPlugin/core/PassiveSkill.java	745	2026-08-07T20:31:38.464+08:00	86BE96D5FFE07BA1976E21810F32D30A2F9213AFCB34CFE0AEEE2FBB534C485C
before/src/main/java/com/shadowHunterRolesPlugin/core/Role.java	9825	2026-09-13T13:41:38.698+08:00	023B3F1B4998290684DB0F0E14B4AAF5FEB605BBECEE5CB299E08FA220831811
before/src/main/java/com/shadowHunterRolesPlugin/core/RoleComponentAware/EnergyChangeAware.java	294	2026-08-07T20:31:38.475+08:00	DDBD95B49DF6690DB32DD12FBC11A90FA757FB3A05EF06BEB952C3EC0E50B392
before/src/main/java/com/shadowHunterRolesPlugin/core/RoleComponentAware/LifecycleAware.java	483	2026-08-07T20:31:38.491+08:00	8AE2B87BA987D51335A6B4A63BF3ABDCD805E9CAADDB5B7B7A62FC6C3711A1DA
before/src/main/java/com/shadowHunterRolesPlugin/core/RoleComponentAware/SanTEChangeAware.java	290	2026-08-07T20:31:38.480+08:00	6D7ADF44E21D19F9FBB2403C084AF25B3429CBF8789F8D51C6C8F3D46141596E
before/src/main/java/com/shadowHunterRolesPlugin/core/RoleComponentAware/UpdateAware.java	250	2026-08-07T20:31:38.486+08:00	EA41830624D4304E73C998D2E99BEF2A36BD1B3176C36C48643E4792F32A69E6
before/src/main/java/com/shadowHunterRolesPlugin/core/RoleInstance.java	25000	2026-09-12T20:04:26.472+08:00	30F97E454A1F753E33C3B0ECA8860E4B14D0013B9ECF77742101AEB1595B61B1
before/src/main/java/com/shadowHunterRolesPlugin/core/Skill.java	5886	2026-08-05T14:00:13.271+08:00	F95934742308D0B442E66843B24DCB5E24C9FF8B1A4F4A404537433D25B450BD
before/src/main/java/com/shadowHunterRolesPlugin/event/EnergyChangeEvent.java	1945	2026-08-05T16:04:39.758+08:00	1D01450806F5620C5FAD963A042F2005B7379DB1CA3890866F30A12B5E16AA7E
before/src/main/java/com/shadowHunterRolesPlugin/event/SanTEChangeEvent.java	1897	2026-08-05T16:07:52.952+08:00	48A358885D05CD98F8A6B52867C9296174E04B89C42DF5A21EDF0B90628F3539
before/src/main/java/com/shadowHunterRolesPlugin/listener/DamageTrackerListener.java	825	2026-08-05T15:40:33.160+08:00	EFC89913FA1F40E1F1CFAD2F86A63CB221BB6D7B97D9775BA855287D76D84FC1
before/src/main/java/com/shadowHunterRolesPlugin/listener/MainWeaponListener.java	5197	2026-08-03T19:26:39.387+08:00	5B5C4F01122CF3D643C7C5174FAA22C212CAFF4E63237B90017E24E7315223F5
before/src/main/java/com/shadowHunterRolesPlugin/listener/PlayerListener.java	1072	2026-08-07T13:01:33.035+08:00	C628C365CDC0BDF116560B3943FDADD4ED9C67270746A151A102A3B133A42140
before/src/main/java/com/shadowHunterRolesPlugin/listener/RoleEventListener.java	809	2026-08-07T20:31:38.484+08:00	466BED59059E9D707BBF8667489F1BF7B45760C8F24188ECF6AC351A18CA5A8D
before/src/main/java/com/shadowHunterRolesPlugin/listener/SkillListener.java	4901	2026-08-03T13:30:30.300+08:00	0F9F90E84D10946066ADCF0917510770D454D67E123F14146FA24C4B22A8FCEA
before/src/main/java/com/shadowHunterRolesPlugin/manager/BuffManager.java	5746	2026-08-05T19:02:37.071+08:00	58CCBE386444D435C0EBE24DCA0262D8249D520BAA73C683F0BEF64BED8050FA
before/src/main/java/com/shadowHunterRolesPlugin/manager/RoleManager.java	3484	2026-08-24T14:50:25.644+08:00	713D0E4E0358EF5865C2C0ABF2A877B17F1500BDAEBC97A695FCB65075896138
before/src/main/java/com/shadowHunterRolesPlugin/registry/RoleRegistry.java	5038	2026-09-13T15:03:31.232+08:00	920DDDB085D8F3492BA59546C1B0281CEB2721B8092ED69B70F3D13CCF9C440E
before/src/main/java/com/shadowHunterRolesPlugin/roleComponent/AutoRecoverEnergyPassive.java	1299	2026-09-12T18:55:19.445+08:00	8BF0143B9FDE20EB7BCB5C6F1C4434DF1CAECB44531FCD6BC5E30A8B8AFAA03A
before/src/main/java/com/shadowHunterRolesPlugin/roleComponent/AutoRecoverSanTEHealthPassive.java	1413	2026-09-13T15:01:58.388+08:00	73A7578AB3F569AD43E63D0E80F06424BF5F32AD18D842F89B79D09454760D4A
before/src/main/java/com/shadowHunterRolesPlugin/roleComponent/DefaultSanTEZeroPunishment.java	5457	2026-08-07T21:07:24.141+08:00	69ECAA4DD9533D14A0DFBCBA3C3CF36948A803F9B2AE6956A0985767B2019E7A
before/src/main/java/com/shadowHunterRolesPlugin/roleComponent/meiqiHezi/mainWeapon/MeiqiheziJuejueMainWeapon.java	2336	2026-08-07T12:58:29.483+08:00	3A65E8D8685F6F6AF291D406FF5FA7B936AEBB593A5F4FA0A20335EE98ED4754
before/src/main/java/com/shadowHunterRolesPlugin/roleComponent/meiqiHezi/passive/MeiqiheziEquipmentsPassive.java	3114	2026-09-12T21:07:38.846+08:00	CD2C86B6D7929007B3BEE4C122698DC7B738E146D2C78DACBC5558665C4CDCEA
before/src/main/java/com/shadowHunterRolesPlugin/roleComponent/meiqiHezi/skill/MeiqiheziBloodySlashSkill.java	6337	2026-08-07T12:54:44.784+08:00	702AED08FFE52F6D848E0ED002040B0148D5A2A4A8CDE08E14E3DEA532851A13
before/src/main/java/com/shadowHunterRolesPlugin/roleComponent/meiqiHezi/skill/MeiqiheziCircleSlashSkill.java	6616	2026-08-07T12:58:37.795+08:00	E30CE61E0D25D00BE4B755B02B56A39F5B19AED5FF8893FDAF4535A399E4BAEC
before/src/main/java/com/shadowHunterRolesPlugin/roleComponent/meiqiHezi/skill/MeiqiheziUnconcernSkill.java	1517	2026-08-05T17:53:33.473+08:00	3AC53332EAEF5911478A7AA417E96BE27ADABEEA1822BBED830E236A59E23A3A
before/src/main/java/com/shadowHunterRolesPlugin/roleComponent/red/RedBleedPassive.java	8974	2026-09-13T15:15:54.576+08:00	B4E0BA208738FC84C062326C6027953670D28D45A086452C0CA1670003F6CD20
before/src/main/java/com/shadowHunterRolesPlugin/roleComponent/red/RedDeeplySorrowSkill.java	2235	2026-09-13T15:09:54.615+08:00	B50F7774256398339947513993BB6EFAFD60FCDA99BA4A48A2E04F1C9202362D
before/src/main/java/com/shadowHunterRolesPlugin/roleComponent/red/RedEquipmentsPassive.java	3136	2026-09-12T21:07:29.733+08:00	E83EE51A14AB63412034EDB908D4A861308D02C427AABD03BB8E5F269E5101D6
before/src/main/java/com/shadowHunterRolesPlugin/roleComponent/red/RedEvilShockSkill.java	1879	2026-09-13T15:07:12.918+08:00	E08E6096417EE09C8A1F496AA0B8E019DC71864E6D7DB6035EE3A5B032C81853
before/src/main/java/com/shadowHunterRolesPlugin/roleComponent/red/RedSanctifiedBladeMainWeapon.java	2363	2026-09-13T15:16:08.776+08:00	C17C914CD7893D42A9F244C68280DA12674B30811FDD94F98E85E449B80CC546
before/src/main/java/com/shadowHunterRolesPlugin/roleComponent/red/RedSolitaryArroganceSkill.java	3794	2026-09-13T14:52:04.064+08:00	7367350C7D93667F8B1CBEC985A85C5320D90171A07428FD9B7F13C550D733F6
before/src/main/java/com/shadowHunterRolesPlugin/roleComponent/SampleMainWeapon.java	523	2026-08-01T22:46:18.606+08:00	1C6D342B0EB35FBE46A8DE39DBE8B66187C83E645DD2913DAF480B211098E9F2
before/src/main/java/com/shadowHunterRolesPlugin/roleComponent/SkillUtil.java	2387	2026-09-12T20:04:08.467+08:00	120EC30587393EC9DD827FEC0711FADB95CBD4AD41A5B5FF8E3C702773177978
before/src/main/java/com/shadowHunterRolesPlugin/roleComponent/TestSendSanTEAndEnergyChangeMsgPassive.java	1468	2026-08-07T20:31:38.478+08:00	79D9AEEBDA967D9E774F9B63D864D4B70E40961C35FC0444F50B1F017C372D2E
before/src/main/java/com/shadowHunterRolesPlugin/roleComponent/TestSetSanTEToZeroSkill.java	922	2026-08-05T17:53:41.015+08:00	2D5CEC52EE28D42C26E4EB5CC8472B3EE3BD06D547E73F0CE304C906DB9B4E5A
before/src/main/java/com/shadowHunterRolesPlugin/ShadowHunterRolesPlugin.java	1910	2026-08-25T12:32:59.633+08:00	C29B0AF07B805A6B6A32EAE39D6A919B2C83D52F44217104ACEC57B031728A98
before/src/main/java/com/shadowHunterRolesPlugin/ShadowHunterRolesPluginLoader.java	355	2026-07-31T13:11:27.474+08:00	81C05B9BF7B127E86358B32443AF3FC68D64A944536C8EF5E2FF26AAAFAB2907
before/src/main/resources/plugin.yml	374	2026-08-24T14:50:25.645+08:00	4EBA0D9A51D528904B6F2B4AD42111AAE931EC9968A88697B6428BB84E712818
integrity-sha256.txt	7213	2026-09-15T21:56:53.260+08:00	CE3E5E7B0A4BED22834D7D8EF76AC193FC528846173335125EC73AFFF965D50C
README-回滚说明.md	6469	2026-09-15T21:57:05.073+08:00	08ADCD6F7FFA46FE0AAB39E5119C1C4F6847769FA08B71C6C26C616F058325BB
session-start-baseline.patch	50091	2026-09-15T21:56:38.447+08:00	23C8F34CEDE60FE609F3AB745109FC8AFB0EA6EE3A14AFA4B3800AF01A82EE07
